WT_Peptide,MT_Peptide
AISAATYST,AIRAATYST
HTGKKPYKC,HTRKKPYKC
VMIFLETLK,VMIFLEMLK
SSASLRIGL,SSASLRISL
LRRMESMRK,LHRMESMRK
YARRRVSLG,YARRHVSLG
CAWSISVEK,GAWSISVEK
ESCQAEGPR,ESCQAEGPW
AVMSYDRFT,AVMSYDRFK
AVNTYGAAP,AVNTYGAAL
INELTVLVL,ISELTVLVL
QAEGPRAYK,QAEGPWAYK
GEYSCEAGG,GEYSCEAGV
QSVPDITDR,QSVPDITDW
KPHPRAWFV,KSHPRAWFV
LQFLTAEER,LQFLTAEEW
TAICKPLHY,KAICKPLHY
RFQTLMECF,RSQTLMECF
TEQVERREL,MEQVERREL
VEDLNIENP,VEDLNIENL
SASAPAPVP,SASAPAPVL
LLSRPLKER,LLSRPLKEW
KERRVEWLS,KEWRVEWLS
QYIRDAPER,QYIRDTPER
DFARFSADY,NFARFSADY
RGRPVGFPM,RRRPVGFPM
YGDAALRQL,YRDAALRQL
VIDPFIYAF,VIDPFIYTF
WSLGCLLYE,WSLGCLLYK
RLLGRSWSV,RLLGWSWSV
HVMDSRVMR,HMMDSRVMR
VRNTVPCRK,VRNTVPCWK
EINITKTTI,KINITKTTI
TWSPCGQYL,TWFPCGQYL
SPCGQYLAA,FPCGQYLAA
SGFLLFPDM,SRFLLFPDM
FRTLLFTSE,FRTLLFTSK
MRSMNGSRR,MRSMNGSWR
KLGRGKYSE,KLGRGKYSK
FVVGMTKSK,FVLGMTKSK
SIFSGFLLF,SIFSRFLLF
SIFSGFLLF,SIFSRFLLF
